<?xml version="1.0" encoding="utf-8"?>
<install type="component" version="2.2" enforce="1" social_app="1" method="upgrade">
    <name>Files</name>
    <author>Anahita Social Networking Project</author>
    <copyright>(C) 2012 rmd Studio, Peerglobe Technology</copyright>
    <creationDate>January 06, 2013</creationDate>
    <license>GPL3 - http://www.gnu.org/licenses/gpl-3.0.html</license>
    <authoremail>info@anahitapolis.com</authoremail>
    <authorurl>http://www.Anahitapolis.com</authorurl>
    <version>2.2.1</version>
    <release>Birth</release>
    <description>The Anahita file sharing and blogging social app</description>
    <administration>
        <menu>Files</menu>
        <files folder="administrator/components/com_files">
            <folder>elements</folder>
            <folder>install</folder>
            <file>config.xml</file>
            <file>files.php</file>
        </files>
    </administration>
    <install>
        <sql>
            <file charset="utf8" driver="mysql">install/install.mysql.utf8.sql</file>
        </sql>
    </install>
    <uninstall>
        <sql>
            <file charset="utf8" driver="mysql">install/uninstall.mysql.utf8.sql</file>
        </sql>
    </uninstall>
    <installfile>install/install.php</installfile>
    <uninstallfile>install/uninstall.php</uninstallfile>
    <media folder="media" destination="com_files">
        <folder>js</folder>
    </media>
    <languages folder="site/language">
        <language tag="en-GB">en-GB.com_files.ini</language>
    </languages>
    <bundles> 
        <bundle>plugins/content</bundle>
    </bundles>
    <files folder="site/components/com_files">
        <folder>controllers</folder>
        <folder>domains</folder>        
        <folder>templates</folder>
        <folder>views</folder>
        <file>delegate.php</file>        
        <file>files.php</file>
        <file>router.php</file>
    </files>
</install>